ric,data_load,capitalization,current_price,ticker
AAAU.Z,2026-04-01,2.865199,46.19,AAAU.Z
AAXJ.OQ,2026-04-01,3.37015,96.29,AAXJ.OQ
ACIO.Z,2026-04-01,2.107441,41.96,ACIO.Z
ACWI.OQ,2026-04-01,28.255154,138.37,ACWI.OQ
ACWV.Z,2026-04-01,3.322378,119.51,ACWV.Z
ACWX.OQ,2026-04-01,9.421472,68.47,ACWX.OQ
ADX.N,2026-04-01,2.682048,21.89,ADX.N
AFNDY.PK,2026-04-01,5.879483,0.0,AFNDY.PK
AGG.P,2026-04-01,138.660336,99.27,AGG.P
AGQ.P,2026-04-01,1.953573,119.51,AGQ.P
AIA.OQ,2026-04-01,3.35434,106.15,AIA.OQ
AIQ.OQ,2026-04-01,7.297321,46.67,AIQ.OQ
AIRR.OQ,2026-04-01,8.374968,110.78,AIRR.OQ
AKRE.P,2026-04-01,6.585642,52.85,AKRE.P
ALLW.OQ,2026-04-01,1.224682,28.85,ALLW.OQ
AMJB.P,2026-04-01,793.359043,34.57,AMJB.P
AMLP.P,2026-04-01,12.185235,52.64,AMLP.P
ANGL.OQ,2026-04-01,3.011292,28.72,ANGL.OQ
AOA.P,2026-04-01,2.800708,88.49,AOA.P
AOM.P,2026-04-01,1.684004,47.37,AOM.P
AOR.P,2026-04-01,3.236805,64.35,AOR.P
APUE.P,2026-04-01,2.167326,40.08,APUE.P
ARKB.Z,2026-04-01,2.387538,22.49,ARKB.Z
ARKK.Z,2026-04-01,5.981715,67.59,ARKK.Z
ARKQ.Z,2026-04-01,1.832935,112.45,ARKQ.Z
ARKW.Z,2026-04-01,1.513656,120.61,ARKW.Z
ARTY.P,2026-04-01,2.084544,46.53,ARTY.P
ASA.N,2026-04-01,1.165417,62.03,ASA.N
ASHR.P,2026-04-01,1.48512,32.64,ASHR.P
ATMP.Z,2026-04-01,70.536948,34.41,ATMP.Z
AVDE.P,2026-04-01,14.38038,84.84,AVDE.P
AVDV.P,2026-04-01,17.297749,99.86,AVDV.P
AVEM.P,2026-04-01,20.193348,80.58,AVEM.P
AVES.P,2026-04-01,1.264378,59.98,AVES.P
AVIG.P,2026-04-01,1.732218,41.54,AVIG.P
AVIV.P,2026-04-01,1.192042,74.83,AVIV.P
AVLV.P,2026-04-01,10.400302,80.61,AVLV.P
AVSC.P,2026-04-01,2.424093,62.3,AVSC.P
AVUS.P,2026-04-01,10.906758,111.18,AVUS.P
AVUV.P,2026-04-01,23.448362,110.47,AVUV.P
BAB.P,2026-04-01,1.032568,26.96,BAB.P
BAFE.OQ,2026-04-01,1.458079,25.3,BAFE.OQ
BAI.P,2026-04-01,9.23259,32.95,BAI.P
BALT.Z,2026-04-01,2.220403,33.47,BALT.Z
BAR.P,2026-04-01,1.619163,46.13,BAR.P
BBAG.P,2026-04-01,1.134299,46.16,BBAG.P
BBAX.Z,2026-04-01,6.114866,59.46,BBAX.Z
BBCA.Z,2026-04-01,10.007882,94.06,BBCA.Z
BBEU.Z,2026-04-01,8.562453,72.41,BBEU.Z
BBIN.Z,2026-04-01,5.8496,73.12,BBIN.Z
BBJP.Z,2026-04-01,15.063557,68.91,BBJP.Z
BBMC.P,2026-04-01,1.851101,108.41,BBMC.P
BBRE.Z,2026-04-01,1.028668,95.69,BBRE.Z
BBUS.Z,2026-04-01,6.97221,117.18,BBUS.Z
BCAT.N,2026-04-01,1.480475,14.13,BCAT.N
BCI.P,2026-04-01,2.521302,24.29,BCI.P
BDJ.N,2026-04-01,1.525263,8.62,BDJ.N
BDVL.OQ,2026-04-01,1.460836,24.65,BDVL.OQ
BDYN.OQ,2026-04-01,2.455284,24.31,BDYN.OQ
BERZ.P,2026-04-01,95.637073,67.89,BERZ.P
BGIG.P,2026-04-01,2.040586,33.26,BGIG.P
BHYB.Z,2026-04-01,1.892768,53.92,BHYB.Z
BIL.P,2026-04-01,49.738023,91.64,BIL.P
BILS.P,2026-04-01,4.05218,99.44,BILS.P
BINC.P,2026-04-01,16.840899,51.93,BINC.P
BITB.P,2026-04-01,2.546148,36.81,BITB.P
BITO.P,2026-04-01,1.740225,9.31,BITO.P
BIV.P,2026-04-01,28.445002,77.18,BIV.P
BIZD.P,2026-04-01,1.45792,12.8,BIZD.P
BKAG.P,2026-04-01,2.0889,42.2,BKAG.P
BKDV.P,2026-04-01,1.081522,29.66,BKDV.P
BKIE.P,2026-04-01,1.191232,93.43,BKIE.P
BKLC.P,2026-04-01,5.028595,124.81,BKLC.P
BKLN.P,2026-04-01,6.271993,20.41,BKLN.P
BKMI.OQ,2026-04-01,1.734276,26.1,BKMI.OQ
BLCR.OQ,2026-04-01,4.043999,41.06,BLCR.OQ
BLV.P,2026-04-01,5.970104,68.78,BLV.P
BMOP.OQ,2026-04-01,1.805382,24.63,BMOP.OQ
BND.OQ,2026-04-01,151.589635,73.64,BND.OQ
BNDW.OQ,2026-04-01,1.57205,68.35,BNDW.OQ
BNDX.OQ,2026-04-01,77.699795,48.05,BNDX.OQ
BNKD.P,2026-04-01,95.637073,54.72,BNKD.P
BNKU.P,2026-04-01,95.637073,26.51,BNKU.P
BOND.N,2026-04-01,7.730296,92.28,BOND.N
BOTZ.OQ,2026-04-01,3.003752,33.22,BOTZ.OQ
BOXX.Z,2026-04-01,10.653327,116.29,BOXX.Z
BPRE.N,2026-04-01,2.375967,16.61,BPRE.N
BSCQ.OQ,2026-04-01,4.025133,19.53,BSCQ.OQ
BSCR.OQ,2026-04-01,4.665844,19.62,BSCR.OQ
BSCS.OQ,2026-04-01,3.412683,20.42,BSCS.OQ
BSCT.OQ,2026-04-01,2.835448,18.66,BSCT.OQ
BSCU.OQ,2026-04-01,2.470247,16.72,BSCU.OQ
BSCV.OQ,2026-04-01,1.634478,16.46,BSCV.OQ
BSCW.OQ,2026-04-01,1.39586,20.59,BSCW.OQ
BSJQ.OQ,2026-04-01,1.096178,23.18,BSJQ.OQ
BST.N,2026-04-01,1.262073,36.35,BST.N
BSTZ.N,2026-04-01,1.522683,22.15,BSTZ.N
BSV.P,2026-04-01,44.574443,78.41,BSV.P
BSVO.OQ,2026-04-01,2.049048,25.37,BSVO.OQ
BTC.P,2026-04-01,3.503131,29.99,BTC.P
BTT.N,2026-04-01,1.451251,22.7,BTT.N
BUFD.Z,2026-04-01,1.7108,28.0,BUFD.Z
BUFQ.Z,2026-04-01,1.215008,35.32,BUFQ.Z
BUFR.Z,2026-04-01,8.638366,33.77,BUFR.Z
BULZ.P,2026-04-01,95.637073,17.59,BULZ.P
BUYW.Z,2026-04-01,1.097727,14.08,BUYW.Z
BWVTF.PK,2026-04-01,70.536948,115.0,BWVTF.PK
BWX.P,2026-04-01,1.507966,21.95,BWX.P
BXSL.N,2026-04-01,5.502709,23.69,BXSL.N
CALF.Z,2026-04-01,3.246344,44.87,CALF.Z
CAM.P,2026-04-01,1.114964,24.97,CAM.P
CARD.P,2026-04-01,95.637073,3.42,CARD.P
CARU.P,2026-04-01,95.637073,20.74,CARU.P
CARY.OQ,2026-04-01,1.009147,20.77,CARY.OQ
CATH.OQ,2026-04-01,1.091756,78.15,CATH.OQ
CEF.P,2026-04-01,9.24236,47.72,CEF.P
CET.A,2026-04-01,1.467416,49.66,CET.A
CGBL.P,2026-04-01,5.379109,34.41,CGBL.P
CGCB.P,2026-04-01,4.580269,26.26,CGCB.P
CGCP.P,2026-04-01,7.30795,22.34,CGCP.P
CGCV.P,2026-04-01,1.482869,29.81,CGCV.P
CGDG.P,2026-04-01,4.552264,35.9,CGDG.P
CGDV.P,2026-04-01,29.108591,42.54,CGDV.P
CGGE.P,2026-04-01,2.169282,30.5,CGGE.P
CGGO.P,2026-04-01,8.785787,33.37,CGGO.P
CGGR.P,2026-04-01,19.463374,40.19,CGGR.P
CGHM.P,2026-04-01,2.768742,25.32,CGHM.P
CGIC.P,2026-04-01,1.504651,33.11,CGIC.P
CGIE.P,2026-04-01,1.875116,33.82,CGIE.P
CGMM.P,2026-04-01,1.968999,29.36,CGMM.P
CGMS.P,2026-04-01,4.507654,27.23,CGMS.P
CGMU.P,2026-04-01,5.548374,27.15,CGMU.P
CGNG.P,2026-04-01,1.759207,31.57,CGNG.P
CGSD.P,2026-04-01,2.136959,25.79,CGSD.P
CGSM.P,2026-04-01,1.10376,26.28,CGSM.P
CGUS.P,2026-04-01,8.858269,38.42,CGUS.P
CGW.P,2026-04-01,1.020482,63.94,CGW.P
CGXU.P,2026-04-01,4.981569,29.49,CGXU.P
CIBR.OQ,2026-04-01,9.445876,62.68,CIBR.OQ
CLIP.P,2026-04-01,2.432719,100.36,CLIP.P
CLM.A,2026-04-01,2.168872,7.28,CLM.A
CLOA.OQ,2026-04-01,1.943812,51.84,CLOA.OQ
CLOI.P,2026-04-01,1.31223,52.7,CLOI.P
CMF.P,2026-04-01,4.099606,56.86,CMF.P
COMT.OQ,2026-04-01,1.136016,33.81,COMT.OQ
COPX.P,2026-04-01,6.95391,76.35,COPX.P
CORO.OQ,2026-04-01,3.023668,32.15,CORO.OQ
CORP.P,2026-04-01,1.614624,96.8,CORP.P
COWG.OQ,2026-04-01,2.10362,33.74,COWG.OQ
COWZ.Z,2026-04-01,18.170552,62.56,COWZ.Z
CQQQ.P,2026-04-01,2.510391,46.02,CQQQ.P
CRF.A,2026-04-01,1.127288,6.95,CRF.A
CRUX.P,2026-04-01,1.912032,30.05,CRUX.P
CSQ.OQ,2026-04-01,2.745528,17.12,CSQ.OQ
CTA.P,2026-04-01,1.499668,30.22,CTA.P
CWB.P,2026-04-01,4.539392,91.52,CWB.P
CWI.P,2026-04-01,2.396644,36.59,CWI.P
DBA.P,2026-04-01,1.192519,27.32,DBA.P
DBC.P,2026-04-01,1.696471,28.95,DBC.P
DBEF.P,2026-04-01,8.31649,49.4,DBEF.P
DBMF.P,2026-04-01,3.299164,30.15,DBMF.P
DCOR.P,2026-04-01,2.641732,72.08,DCOR.P
DDWM.Z,2026-04-01,1.283601,44.11,DDWM.Z
DEM.P,2026-04-01,3.552835,49.69,DEM.P
DES.P,2026-04-01,1.942557,35.94,DES.P
DFAC.P,2026-04-01,40.379008,38.86,DFAC.P
DFAE.P,2026-04-01,7.977416,33.86,DFAE.P
DFAI.P,2026-04-01,14.781424,38.96,DFAI.P
DFAR.P,2026-04-01,1.559718,23.65,DFAR.P
DFAS.P,2026-04-01,12.721996,71.13,DFAS.P
DFAT.P,2026-04-01,12.672907,62.45,DFAT.P
DFAU.P,2026-04-01,10.228704,45.12,DFAU.P
DFAW.P,2026-04-01,1.148017,73.78,DFAW.P
DFAX.P,2026-04-01,10.225578,33.97,DFAX.P
DFCF.P,2026-04-01,9.634604,42.22,DFCF.P
DFEM.P,2026-04-01,7.735745,34.55,DFEM.P
DFEV.P,2026-04-01,1.545696,35.78,DFEV.P
DFGP.OQ,2026-04-01,2.343166,53.99,DFGP.OQ
DFGR.P,2026-04-01,3.206877,26.58,DFGR.P
DFGX.OQ,2026-04-01,1.479104,52.45,DFGX.OQ
DFIC.Z,2026-04-01,12.957791,35.53,DFIC.Z
DFIP.P,2026-04-01,1.065946,41.72,DFIP.P
DFIS.Z,2026-04-01,5.272722,33.67,DFIS.Z
DFIV.P,2026-04-01,14.986623,52.78,DFIV.P
DFLV.P,2026-04-01,5.365428,35.71,DFLV.P
DFNM.P,2026-04-01,2.056197,47.93,DFNM.P
DFSD.P,2026-04-01,6.432678,47.88,DFSD.P
DFSU.P,2026-04-01,1.857268,41.09,DFSU.P
DFSV.P,2026-04-01,6.813528,35.04,DFSV.P
DFUS.P,2026-04-01,17.988803,70.91,DFUS.P
DFUV.P,2026-04-01,13.441811,48.46,DFUV.P
DGRO.P,2026-04-01,37.553318,70.18,DGRO.P
DGRW.OQ,2026-04-01,15.358824,87.84,DGRW.OQ
DGS.P,2026-04-01,1.6828,60.1,DGS.P
DHS.P,2026-04-01,1.430782,109.22,DHS.P
DIA.P,2026-04-01,41.660637,463.19,DIA.P
DIHP.Z,2026-04-01,5.472567,32.22,DIHP.Z
DISV.Z,2026-04-01,4.437,39.44,DISV.Z
DIVB.Z,2026-04-01,1.26243,53.95,DIVB.Z
DIVI.P,2026-04-01,2.30898,39.81,DIVI.P
DIVO.P,2026-04-01,6.61089,44.85,DIVO.P
DLN.P,2026-04-01,5.64119,89.33,DLN.P
DNP.N,2026-04-01,3.881259,10.3,DNP.N
DON.P,2026-04-01,3.717205,52.54,DON.P
DRSK.Z,2026-04-01,1.408178,27.33,DRSK.Z
DSI.P,2026-04-01,4.617339,121.19,DSI.P
DSL.N,2026-04-01,1.240841,10.83,DSL.N
DSTL.P,2026-04-01,1.795727,57.88,DSTL.P
DTCR.OQ,2026-04-01,1.205667,23.96,DTCR.OQ
DTD.P,2026-04-01,1.48971,86.36,DTD.P
DUHP.P,2026-04-01,10.45822,36.76,DUHP.P
DULL.P,2026-04-01,95.637073,51.95,DULL.P
DUSA.Z,2026-04-01,1.021143,50.74,DUSA.Z
DUSB.P,2026-04-01,1.840773,50.71,DUSB.P
DVY.OQ,2026-04-01,22.295122,151.41,DVY.OQ
DVYE.P,2026-04-01,1.285812,34.38,DVYE.P
DXJ.P,2026-04-01,6.041898,158.58,DXJ.P
DYNF.P,2026-04-01,30.00488,58.18,DYNF.P
EAGG.P,2026-04-01,4.683675,47.55,EAGG.P
EAGL.P,2026-04-01,3.775228,30.42,EAGL.P
EBND.P,2026-04-01,2.274528,20.64,EBND.P
ECAT.N,2026-04-01,1.35078,13.58,ECAT.N
EDIV.P,2026-04-01,1.160712,39.48,EDIV.P
EDV.P,2026-04-01,4.095097,64.95,EDV.P
EEM.P,2026-04-01,25.146612,56.79,EEM.P
EEMA.OQ,2026-04-01,1.139246,95.74,EEMA.OQ
EEMV.Z,2026-04-01,3.17177,64.73,EEMV.Z
EFA.P,2026-04-01,71.68194,97.13,EFA.P
EFAV.Z,2026-04-01,5.363419,91.37,EFAV.Z
EFG.Z,2026-04-01,13.898976,111.37,EFG.Z
EFV.Z,2026-04-01,28.6991,74.35,EFV.Z
EMB.OQ,2026-04-01,14.174037,93.93,EMB.OQ
EMGF.Z,2026-04-01,1.51075,60.43,EMGF.Z
EMLC.P,2026-04-01,4.773981,25.11,EMLC.P
EMLP.P,2026-04-01,3.992925,43.66,EMLP.P
EMO.N,2026-04-01,1.057173,52.82,EMO.N
EMOP.P,2026-04-01,1.394687,43.82,EMOP.P
EMXC.OQ,2026-04-01,17.77716,78.66,EMXC.OQ
EOS.N,2026-04-01,1.090846,20.46,EOS.N
EPI.P,2026-04-01,2.1624,40.8,EPI.P
EPP.P,2026-04-01,2.040576,53.14,EPP.P
EPS.P,2026-04-01,1.341767,68.11,EPS.P
EQTY.P,2026-04-01,1.221317,25.45,EQTY.P
EQWL.P,2026-04-01,2.282904,115.24,EQWL.P
ESGD.OQ,2026-04-01,10.70944,95.62,ESGD.OQ
ESGE.OQ,2026-04-01,5.929288,45.47,ESGE.OQ
ESGU.OQ,2026-04-01,14.820816,141.42,ESGU.OQ
ESGV.Z,2026-04-01,11.09789,112.27,ESGV.Z
ESML.Z,2026-04-01,2.137059,47.02,ESML.Z
ETG.N,2026-04-01,1.535597,20.12,ETG.N
ETH.P,2026-04-01,1.804892,19.86,ETH.P
ETHA.OQ,2026-04-01,6.337066,15.83,ETHA.OQ
ETHE.P,2026-04-01,1.787203,17.07,ETHE.P
ETV.N,2026-04-01,1.596035,13.67,ETV.N
ETY.N,2026-04-01,2.195981,13.79,ETY.N
EUAD.Z,2026-04-01,1.247051,40.74,EUAD.Z
EUFN.OQ,2026-04-01,3.42924,34.85,EUFN.OQ
EUSA.P,2026-04-01,1.501108,101.77,EUSA.P
EVLN.P,2026-04-01,1.280624,48.18,EVLN.P
EVSD.OQ,2026-04-01,1.143803,50.94,EVSD.OQ
EVT.N,2026-04-01,1.830025,24.55,EVT.N
EVTR.N,2026-04-01,4.940979,50.75,EVTR.N
EVV.A,2026-04-01,1.098123,9.45,EVV.A
EWA.P,2026-04-01,1.338032,27.76,EWA.P
EWC.P,2026-04-01,4.679066,54.79,EWC.P
EWG.P,2026-04-01,1.392417,39.67,EWG.P
EWJ.P,2026-04-01,18.340368,84.44,EWJ.P
EWL.P,2026-04-01,1.484952,58.81,EWL.P
EWP.P,2026-04-01,1.828889,54.31,EWP.P
EWT.P,2026-04-01,7.226748,70.92,EWT.P
EWU.P,2026-04-01,3.357772,45.56,EWU.P
EWW.P,2026-04-01,2.129009,75.23,EWW.P
EWY.P,2026-04-01,16.089708,123.01,EWY.P
EWZ.P,2026-04-01,9.774094,38.39,EWZ.P
EXG.N,2026-04-01,2.649406,8.66,EXG.N
EXI.P,2026-04-01,1.176565,181.01,EXI.P
EZU.Z,2026-04-01,9.076536,62.64,EZU.Z
FALN.OQ,2026-04-01,1.754168,26.72,FALN.OQ
FAS.P,2026-04-01,1.919616,118.5,FAS.P
FAUG.Z,2026-04-01,1.075792,51.78,FAUG.Z
FBCG.Z,2026-04-01,5.221251,50.12,FBCG.Z
FBND.P,2026-04-01,25.075124,45.62,FBND.P
FBT.P,2026-04-01,2.269266,200.82,FBT.P
FBTC.Z,2026-04-01,12.704937,59.03,FBTC.Z
FCOM.P,2026-04-01,1.607632,68.12,FCOM.P
FDEC.Z,2026-04-01,1.231813,49.72,FDEC.Z
FDIS.P,2026-04-01,1.641376,93.26,FDIS.P
FDL.P,2026-04-01,7.29996,50.8,FDL.P
FDLO.P,2026-04-01,1.35639,64.59,FDLO.P
FDN.P,2026-04-01,4.563585,234.03,FDN.P
FDT.OQ,2026-04-01,1.094134,86.93,FDT.OQ
FDVV.P,2026-04-01,8.53458,55.24,FDVV.P
FEGE.N,2026-04-01,1.53361,47.0,FEGE.N
FELC.P,2026-04-01,6.348536,36.27,FELC.P
FELG.P,2026-04-01,4.671966,37.49,FELG.P
FELV.P,2026-04-01,2.648935,34.91,FELV.P
FENI.P,2026-04-01,8.205543,37.2,FENI.P
FENY.P,2026-04-01,2.036097,34.02,FENY.P
FESM.P,2026-04-01,4.097212,38.0,FESM.P
FETH.Z,2026-04-01,1.19538,20.88,FETH.Z
FEX.OQ,2026-04-01,1.396072,121.93,FEX.OQ
FEZ.P,2026-04-01,4.40774,62.08,FEZ.P
FFEB.Z,2026-04-01,1.20357,55.85,FFEB.Z
FFSM.Z,2026-04-01,1.089495,31.95,FFSM.Z
FGD.P,2026-04-01,1.270814,31.93,FGD.P
FHLC.P,2026-04-01,2.803846,70.36,FHLC.P
FIDU.P,2026-04-01,1.847202,86.52,FIDU.P
FIW.P,2026-04-01,1.778993,103.13,FIW.P
FIXD.OQ,2026-04-01,3.4022,43.59,FIXD.OQ
FJAN.Z,2026-04-01,1.247648,50.41,FJAN.Z
FJUL.Z,2026-04-01,1.08756,54.72,FJUL.Z
FJUN.Z,2026-04-01,1.101809,56.5,FJUN.Z
FLCB.P,2026-04-01,2.874288,21.49,FLCB.P
FLDR.Z,2026-04-01,1.375124,50.05,FLDR.Z
FLGV.P,2026-04-01,1.011285,20.43,FLGV.P
FLIN.P,2026-04-01,2.533025,33.22,FLIN.P
FLJP.P,2026-04-01,2.995704,36.18,FLJP.P
FLMI.P,2026-04-01,1.862968,24.79,FLMI.P
FLOT.Z,2026-04-01,9.2729,50.95,FLOT.Z
FLQL.Z,2026-04-01,1.67409,67.64,FLQL.Z
FLQM.Z,2026-04-01,1.669872,54.93,FLQM.Z
FLRN.P,2026-04-01,2.791746,30.78,FLRN.P
FLTR.P,2026-04-01,2.653742,25.48,FLTR.P
FLTW.P,2026-04-01,1.505231,68.11,FLTW.P
FLXR.N,2026-04-01,2.862422,39.27,FLXR.N
FLYD.P,2026-04-01,95.637073,81.46,FLYD.P
FLYU.P,2026-04-01,95.637073,33.94,FLYU.P
FMAR.Z,2026-04-01,1.084964,48.49,FMAR.Z
FMAY.Z,2026-04-01,1.067882,52.8,FMAY.Z
FMB.OQ,2026-04-01,1.955476,50.66,FMB.OQ
FMDE.P,2026-04-01,5.869275,35.96,FMDE.P
FNCL.P,2026-04-01,2.17971,70.2,FNCL.P
FNDA.P,2026-04-01,9.271737,32.43,FNDA.P
FNDB.P,2026-04-01,1.13696,27.2,FNDB.P
FNDC.P,2026-04-01,3.110756,46.36,FNDC.P
FNDE.P,2026-04-01,8.918406,38.26,FNDE.P
FNDF.P,2026-04-01,21.739599,48.93,FNDF.P
FNDX.P,2026-04-01,23.657182,27.85,FNDX.P
FNGD.P,2026-04-01,95.637073,73.9,FNGD.P
FNGO.P,2026-04-01,95.637073,87.25,FNGO.P
FNGS.P,2026-04-01,95.637073,59.61,FNGS.P
FNGU.P,2026-04-01,95.637073,15.63,FNGU.P
FNOV.Z,2026-04-01,1.129319,53.4,FNOV.Z
FNX.OQ,2026-04-01,1.218305,128.24,FNX.OQ
FOCT.Z,2026-04-01,1.083528,47.68,FOCT.Z
FPE.P,2026-04-01,6.231226,17.75,FPE.P
FPEI.P,2026-04-01,1.89335,19.0,FPEI.P
FPF.N,2026-04-01,1.072747,17.63,FPF.N
FPX.P,2026-04-01,1.159313,158.81,FPX.P
FQAL.P,2026-04-01,1.1979,72.6,FQAL.P
FRDM.Z,2026-04-01,2.60134,54.65,FRDM.Z
FREL.P,2026-04-01,1.3455,26.91,FREL.P
FSCO.N,2026-04-01,1.031575,5.1,FSCO.N
FSEC.P,2026-04-01,4.382904,43.84,FSEC.P
FSEP.Z,2026-04-01,1.172689,50.33,FSEP.Z
FSIG.P,2026-04-01,1.495313,18.94,FSIG.P
FSMD.P,2026-04-01,2.137616,44.72,FSMD.P
FSTA.P,2026-04-01,1.41291,52.33,FSTA.P
FTA.OQ,2026-04-01,1.265195,92.35,FTA.OQ
FTC.OQ,2026-04-01,1.148363,154.14,FTC.OQ
FTCB.P,2026-04-01,2.241672,20.96,FTCB.P
FTCS.OQ,2026-04-01,7.852134,92.76,FTCS.OQ
FTEC.P,2026-04-01,15.052418,208.05,FTEC.P
FTGC.OQ,2026-04-01,2.520834,28.71,FTGC.OQ
FTGS.OQ,2026-04-01,1.160955,34.05,FTGS.OQ
FTHI.OQ,2026-04-01,2.039663,22.95,FTHI.OQ
FTLS.P,2026-04-01,2.16357,70.36,FTLS.P
FTSL.OQ,2026-04-01,2.1616,44.8,FTSL.OQ
FTSM.OQ,2026-04-01,6.459213,59.78,FTSM.OQ
FTXL.OQ,2026-04-01,1.482074,147.47,FTXL.OQ
FUTY.P,2026-04-01,2.433684,59.07,FUTY.P
FV.OQ,2026-04-01,3.23945,60.44,FV.OQ
FVAL.P,2026-04-01,1.08264,69.4,FVAL.P
FVD.P,2026-04-01,8.095786,47.03,FVD.P
FWD.P,2026-04-01,1.861806,108.56,FWD.P
FXI.P,2026-04-01,5.94504,35.9,FXI.P
FXL.P,2026-04-01,1.295585,158.87,FXL.P
FXO.P,2026-04-01,1.045134,56.19,FXO.P
FYX.OQ,2026-04-01,1.044353,119.35,FYX.OQ
GAB.N,2026-04-01,1.742702,5.6,GAB.N
GAM.N,2026-04-01,1.592536,58.47,GAM.N
GARP.Z,2026-04-01,1.362561,63.97,GARP.Z
GBIL.P,2026-04-01,7.490204,100.19,GBIL.P
GBTC.P,2026-04-01,10.484472,52.76,GBTC.P
GCOW.Z,2026-04-01,3.285352,46.24,GCOW.Z
GDV.N,2026-04-01,2.37435,26.93,GDV.N
GDX.P,2026-04-01,28.256212,91.77,GDX.P
GDXD.P,2026-04-01,95.637073,41.26,GDXD.P
GDXJ.P,2026-04-01,9.115531,120.04,GDXJ.P
GEM.P,2026-04-01,1.29816,43.2,GEM.P
GLD.P,2026-04-01,157.48614,430.29,GLD.P
GLDM.P,2026-04-01,30.101078,92.69,GLDM.P
GLTR.P,2026-04-01,2.974592,218.72,GLTR.P
GNR.P,2026-04-01,4.980489,74.67,GNR.P
GOF.N,2026-04-01,2.336715,11.02,GOF.N
GOVI.OQ,2026-04-01,1.044267,27.28,GOVI.OQ
GOVT.Z,2026-04-01,40.498007,22.91,GOVT.Z
GPIQ.OQ,2026-04-01,3.09164,49.49,GPIQ.OQ
GPIX.OQ,2026-04-01,3.201559,50.04,GPIX.OQ
GRID.OQ,2026-04-01,7.663723,163.58,GRID.OQ
GRNY.P,2026-04-01,3.857989,23.87,GRNY.P
GSCE.PK,2026-04-01,249.561925,30.0,GSCE.PK
GSEW.Z,2026-04-01,1.587375,84.66,GSEW.Z
GSG.P,2026-04-01,1.033612,32.25,GSG.P
GSIE.P,2026-04-01,5.26186,43.13,GSIE.P
GSLC.P,2026-04-01,13.845947,125.13,GSLC.P
GSST.Z,2026-04-01,1.407818,50.55,GSST.Z
GSUS.Z,2026-04-01,2.736974,89.59,GSUS.Z
GSWO.Z,2026-04-01,1.48069,56.3,GSWO.Z
GSY.P,2026-04-01,3.643724,50.12,GSY.P
GTO.P,2026-04-01,2.112033,46.83,GTO.P
GUNR.P,2026-04-01,7.551404,55.16,GUNR.P
GUSA.P,2026-04-01,2.033748,56.28,GUSA.P
GVI.Z,2026-04-01,3.835146,106.68,GVI.Z
HACK.P,2026-04-01,1.884759,75.09,HACK.P
HDEF.P,2026-04-01,2.260598,32.41,HDEF.P
HDV.P,2026-04-01,13.544856,135.72,HDV.P
HEDJ.P,2026-04-01,1.718055,52.3,HEDJ.P
HEFA.Z,2026-04-01,6.788576,42.5,HEFA.Z
HELO.P,2026-04-01,3.751517,63.91,HELO.P
HFXI.P,2026-04-01,1.417076,33.58,HFXI.P
HGER.N,2026-04-01,2.476924,31.01,HGER.N
HIMU.Z,2026-04-01,2.012298,47.98,HIMU.Z
HODL.Z,2026-04-01,1.151995,19.16,HODL.Z
HTRB.P,2026-04-01,2.262267,33.74,HTRB.P
HYD.Z,2026-04-01,4.018541,50.14,HYD.Z
HYDB.Z,2026-04-01,1.574702,46.52,HYDB.Z
HYG.P,2026-04-01,16.421184,79.56,HYG.P
HYGV.P,2026-04-01,1.113668,40.06,HYGV.P
HYLB.P,2026-04-01,3.09846,36.16,HYLB.P
HYLS.OQ,2026-04-01,1.766824,40.57,HYLS.OQ
HYMB.P,2026-04-01,2.86192,24.8,HYMB.P
HYS.P,2026-04-01,1.604244,93.27,HYS.P
HYT.N,2026-04-01,1.389169,8.52,HYT.N
IAGG.Z,2026-04-01,12.79773,50.04,IAGG.Z
IAI.P,2026-04-01,1.535083,164.18,IAI.P
IAU.P,2026-04-01,71.524208,88.16,IAU.P
IAUM.P,2026-04-01,7.315555,46.7,IAUM.P
IBB.OQ,2026-04-01,8.121685,168.85,IBB.OQ
IBDR.P,2026-04-01,3.675996,24.24,IBDR.P
IBDS.P,2026-04-01,3.772956,24.24,IBDS.P
IBDT.P,2026-04-01,3.826096,25.33,IBDT.P
IBDU.P,2026-04-01,3.723926,23.26,IBDU.P
IBDV.P,2026-04-01,3.005497,21.89,IBDV.P
IBDW.P,2026-04-01,2.312765,20.93,IBDW.P
IBDX.P,2026-04-01,1.631178,25.27,IBDX.P
IBDY.P,2026-04-01,1.04951,25.85,IBDY.P
IBHF.Z,2026-04-01,1.016685,22.95,IBHF.Z
IBIT.OQ,2026-04-01,53.016526,38.42,IBIT.OQ
IBTG.OQ,2026-04-01,2.346496,22.92,IBTG.OQ
IBTH.OQ,2026-04-01,2.10057,22.43,IBTH.OQ
IBTI.OQ,2026-04-01,1.635572,22.28,IBTI.OQ
IBTJ.OQ,2026-04-01,1.23959,21.84,IBTJ.OQ
ICF.Z,2026-04-01,1.95263,61.89,ICF.Z
ICLN.OQ,2026-04-01,2.167365,18.29,ICLN.OQ
ICOW.Z,2026-04-01,1.667892,42.44,ICOW.Z
ICSH.Z,2026-04-01,7.155137,50.62,ICSH.Z
ICVT.Z,2026-04-01,5.252364,101.79,ICVT.Z
IDEF.OQ,2026-04-01,3.28247,32.72,IDEF.OQ
IDEV.P,2026-04-01,27.603171,83.57,IDEV.P
IDMO.P,2026-04-01,3.22185,54.84,IDMO.P
IDU.P,2026-04-01,1.648762,116.11,IDU.P
IDV.Z,2026-04-01,7.98,42.56,IDV.Z
IEF.OQ,2026-04-01,48.941632,95.44,IEF.OQ
IEFA.Z,2026-04-01,170.178294,90.53,IEFA.Z
IEI.OQ,2026-04-01,18.66764,118.6,IEI.OQ
IEMG.P,2026-04-01,135.38475,69.75,IEMG.P
IEUR.P,2026-04-01,8.341049,70.27,IEUR.P
IEV.P,2026-04-01,1.63056,67.94,IEV.P
IFRA.Z,2026-04-01,3.70084,57.2,IFRA.Z
IGEB.Z,2026-04-01,1.372077,45.06,IGEB.Z
IGF.OQ,2026-04-01,10.1304,67.0,IGF.OQ
IGIB.OQ,2026-04-01,17.645091,53.22,IGIB.OQ
IGLB.P,2026-04-01,2.600612,49.63,IGLB.P
IGM.P,2026-04-01,7.75648,118.51,IGM.P
IGOV.OQ,2026-04-01,1.151733,41.06,IGOV.OQ
IGRO.Z,2026-04-01,1.181157,83.77,IGRO.Z
IGSB.OQ,2026-04-01,21.925404,52.56,IGSB.OQ
IGV.Z,2026-04-01,10.382485,80.05,IGV.Z
IHDG.P,2026-04-01,2.188418,48.15,IHDG.P
IHI.P,2026-04-01,3.174325,53.35,IHI.P
IJH.P,2026-04-01,106.113266,67.53,IJH.P
IJJ.P,2026-04-01,7.98975,132.5,IJJ.P
IJK.P,2026-04-01,9.921132,100.62,IJK.P
IJR.P,2026-04-01,92.026693,124.31,IJR.P
IJS.P,2026-04-01,7.5808,118.45,IJS.P
IJT.OQ,2026-04-01,6.504714,144.71,IJT.OQ
ILCB.P,2026-04-01,1.114264,89.86,ILCB.P
ILCG.P,2026-04-01,2.53022,95.48,ILCG.P
ILCV.P,2026-04-01,1.16425,93.14,ILCV.P
ILF.P,2026-04-01,4.2624,35.52,ILF.P
ILOW.P,2026-04-01,1.653119,42.66,ILOW.P
IMCB.P,2026-04-01,1.439168,83.43,IMCB.P
IMCG.P,2026-04-01,3.0996,78.77,IMCG.P
IMTM.P,2026-04-01,3.563084,48.02,IMTM.P
INCM.P,2026-04-01,1.355562,28.75,INCM.P
INDA.Z,2026-04-01,6.878454,46.84,INDA.Z
INFL.P,2026-04-01,1.479806,52.06,INFL.P
INTF.P,2026-04-01,3.163552,38.96,INTF.P
IOO.P,2026-04-01,7.596916,120.97,IOO.P
IPAC.P,2026-04-01,2.37181,76.51,IPAC.P
IQDF.P,2026-04-01,1.041943,31.67,IQDF.P
IQLT.P,2026-04-01,11.959701,46.23,IQLT.P
IQMM.P,2026-04-01,21.823266,100.07,IQMM.P
ISPY.Z,2026-04-01,1.163081,43.35,ISPY.Z
ISRXF.PK,2026-04-01,4.980461,491.18,ISRXF.PK
ISTB.OQ,2026-04-01,4.739388,48.46,ISTB.OQ
ITA.Z,2026-04-01,13.496875,218.75,ITA.Z
ITB.Z,2026-04-01,2.385992,90.55,ITB.Z
ITM.Z,2026-04-01,2.15198,46.43,ITM.Z
ITOT.P,2026-04-01,79.625492,142.43,ITOT.P
IUSB.OQ,2026-04-01,36.134437,46.19,IUSB.OQ
IUSG.OQ,2026-04-01,25.965414,155.11,IUSG.OQ
IUSV.OQ,2026-04-01,24.079875,102.25,IUSV.OQ
IVE.P,2026-04-01,46.600805,211.15,IVE.P
IVLU.P,2026-04-01,3.797376,39.68,IVLU.P
IVOG.P,2026-04-01,1.41784,125.03,IVOG.P
IVOO.P,2026-04-01,3.154925,114.32,IVOO.P
IVOV.P,2026-04-01,1.187208,101.95,IVOV.P
IVV.P,2026-04-01,719.641457,653.21,IVV.P
IVW.P,2026-04-01,60.926702,113.11,IVW.P
IWB.P,2026-04-01,42.751544,356.56,IWB.P
IWC.P,2026-04-01,1.213036,159.61,IWC.P
IWD.P,2026-04-01,69.741888,213.67,IWD.P
IWF.P,2026-04-01,111.78076,426.4,IWF.P
IWL.P,2026-04-01,1.917719,160.48,IWL.P
IWM.P,2026-04-01,71.9448,248.0,IWM.P
IWN.P,2026-04-01,12.456063,189.59,IWN.P
IWO.P,2026-04-01,12.160138,313.81,IWO.P
IWP.P,2026-04-01,18.660678,128.12,IWP.P
IWR.P,2026-04-01,48.211496,97.23,IWR.P
IWS.P,2026-04-01,14.165928,145.74,IWS.P
IWV.P,2026-04-01,17.05128,370.68,IWV.P
IWX.P,2026-04-01,3.405622,92.67,IWX.P
IWY.P,2026-04-01,14.74377,248.84,IWY.P
IXC.P,2026-04-01,2.851695,57.61,IXC.P
IXJ.P,2026-04-01,3.619998,93.54,IXJ.P
IXN.P,2026-04-01,6.26312,99.97,IXN.P
IXUS.OQ,2026-04-01,52.33056,86.64,IXUS.OQ
IYC.P,2026-04-01,1.143656,96.92,IYC.P
IYE.P,2026-04-01,1.690497,64.77,IYE.P
IYF.P,2026-04-01,3.300363,117.66,IYF.P
IYG.P,2026-04-01,1.909462,82.84,IYG.P
IYH.P,2026-04-01,2.887834,61.64,IYH.P
IYJ.Z,2026-04-01,1.984413,147.54,IYJ.Z
IYK.P,2026-04-01,1.33057,70.03,IYK.P
IYM.P,2026-04-01,1.249032,175.92,IYM.P
IYR.P,2026-04-01,3.97152,94.56,IYR.P
IYW.P,2026-04-01,17.68845,181.42,IYW.P
IYY.P,2026-04-01,2.582735,158.45,IYY.P
JAAA.P,2026-04-01,26.738914,50.37,JAAA.P
JAVA.P,2026-04-01,5.81175,71.75,JAVA.P
JBBB.Z,2026-04-01,1.104538,46.6,JBBB.Z
JBND.N,2026-04-01,6.925576,53.77,JBND.N
JCPB.Z,2026-04-01,10.880188,47.08,JCPB.Z
JEMA.Z,2026-04-01,1.394404,52.03,JEMA.Z
JEPI.P,2026-04-01,43.918498,56.68,JEPI.P
JEPQ.OQ,2026-04-01,34.212812,55.52,JEPQ.OQ
JETD.P,2026-04-01,95.637073,5.01,JETD.P
JETU.P,2026-04-01,95.637073,23.78,JETU.P
JFLX.P,2026-04-01,1.29366,49.67,JFLX.P
JFR.N,2026-04-01,1.210475,7.52,JFR.N
JGLO.OQ,2026-04-01,6.556372,65.27,JGLO.OQ
JGRO.P,2026-04-01,8.179423,84.52,JGRO.P
JHCR.P,2026-04-01,2.228588,25.3,JHCR.P
JHMD.P,2026-04-01,1.190605,42.37,JHMD.P
JHMM.P,2026-04-01,4.89137,67.12,JHMM.P
JIRE.P,2026-04-01,9.905118,75.74,JIRE.P
JIVE.OQ,2026-04-01,1.948301,85.64,JIVE.OQ
JMBS.P,2026-04-01,6.571431,45.18,JMBS.P
JMEE.P,2026-04-01,2.365236,66.77,JMEE.P
JMOM.P,2026-04-01,1.906854,67.92,JMOM.P
JMST.Z,2026-04-01,6.352108,50.98,JMST.Z
JMTG.P,2026-04-01,6.552091,51.0,JMTG.P
JMUB.Z,2026-04-01,7.105986,49.99,JMUB.Z
JNK.P,2026-04-01,7.032989,95.72,JNK.P
JPC.N,2026-04-01,2.796277,7.54,JPC.N
JPEF.OQ,2026-04-01,1.709435,71.81,JPEF.OQ
JPHY.Z,2026-04-01,2.156251,50.15,JPHY.Z
JPIB.Z,2026-04-01,1.884108,47.82,JPIB.Z
JPIE.P,2026-04-01,8.387965,46.07,JPIE.P
JPLD.Z,2026-04-01,3.760455,52.19,JPLD.Z
JPST.P,2026-04-01,37.527315,50.61,JPST.P
JQUA.P,2026-04-01,6.843312,61.32,JQUA.P
JSCP.P,2026-04-01,1.385417,47.3,JSCP.P
JSI.P,2026-04-01,1.497528,51.55,JSI.P
JTEK.OQ,2026-04-01,3.074221,79.54,JTEK.OQ
KBE.P,2026-04-01,1.289384,59.55,KBE.P
KBWB.OQ,2026-04-01,4.847682,79.12,KBWB.OQ
KLMN.P,2026-04-01,1.519759,26.71,KLMN.P
KLMT.P,2026-04-01,1.365942,30.12,KLMT.P
KNG.Z,2026-04-01,3.376821,48.71,KNG.Z
KOMP.P,2026-04-01,2.342909,58.48,KOMP.P
KRE.P,2026-04-01,3.716976,65.15,KRE.P
KWEB.P,2026-04-01,6.177839,28.43,KWEB.P
KYN.N,2026-04-01,2.41512,14.28,KYN.N
LCTU.P,2026-04-01,1.318581,70.14,LCTU.P
LDUR.P,2026-04-01,1.402805,95.82,LDUR.P
LGLV.P,2026-04-01,1.467544,178.1,LGLV.P
LIT.P,2026-04-01,1.732699,74.35,LIT.P
LMBS.OQ,2026-04-01,6.086782,49.81,LMBS.OQ
LMUB.P,2026-04-01,1.361841,49.93,LMUB.P
LQD.P,2026-04-01,28.915047,108.99,LQD.P
LRGF.P,2026-04-01,2.9337,66.0,LRGF.P
LVHI.Z,2026-04-01,4.636154,40.54,LVHI.Z
MAGS.Z,2026-04-01,3.509426,57.94,MAGS.Z
MBB.OQ,2026-04-01,38.72061,94.95,MBB.OQ
MCHI.OQ,2026-04-01,6.651712,56.18,MCHI.OQ
MDY.P,2026-04-01,24.603388,616.76,MDY.P
MDYG.P,2026-04-01,2.480566,95.96,MDYG.P
MDYV.P,2026-04-01,2.41826,85.15,MDYV.P
MEAR.Z,2026-04-01,1.386867,50.34,MEAR.Z
MGC.P,2026-04-01,8.611239,236.35,MGC.P
MGK.P,2026-04-01,27.728563,367.44,MGK.P
MGV.P,2026-04-01,11.257711,144.95,MGV.P
MINT.P,2026-04-01,15.835752,100.57,MINT.P
MISL.P,2026-04-01,1.439662,44.71,MISL.P
MLPA.P,2026-04-01,2.164423,53.87,MLPA.P
MLPX.P,2026-04-01,3.294582,73.94,MLPX.P
MMIT.P,2026-04-01,1.457147,24.1,MMIT.P
MOAT.Z,2026-04-01,11.62334,96.7,MOAT.Z
MOO.P,2026-04-01,1.12385,84.5,MOO.P
MSDL.N,2026-04-01,1.19535,13.96,MSDL.N
MSLC.P,2026-04-01,3.449214,51.76,MSLC.P
MSTY.P,2026-04-01,1.048425,21.29,MSTY.P
MTBA.P,2026-04-01,1.700188,49.46,MTBA.P
MTUM.Z,2026-04-01,20.315154,239.99,MTUM.Z
MUB.P,2026-04-01,42.58738,106.15,MUB.P
MUNI.P,2026-04-01,2.759285,52.19,MUNI.P
NAC.N,2026-04-01,1.808481,11.65,NAC.N
NAD.N,2026-04-01,2.684839,11.5,NAD.N
NEA.N,2026-04-01,3.358241,11.23,NEA.N
NEAR.Z,2026-04-01,4.219305,50.84,NEAR.Z
NFJ.N,2026-04-01,1.186623,12.61,NFJ.N
NFLX.OQ,2026-04-01,405.960891,96.15,NFLX.OQ
NFRA.P,2026-04-01,2.986465,63.95,NFRA.P
NHYB.P,2026-04-01,1.598487,24.63,NHYB.P
NLR.P,2026-04-01,4.610589,133.19,NLR.P
NMZ.N,2026-04-01,1.219651,10.38,NMZ.N
NOBL.Z,2026-04-01,11.067444,106.01,NOBL.Z
NRGD.P,2026-04-01,95.637073,25.01,NRGD.P
NRGU.P,2026-04-01,95.637073,46.96,NRGU.P
NTSX.P,2026-04-01,1.204665,52.15,NTSX.P
NUGO.P,2026-04-01,2.499555,35.97,NUGO.P
NUGT.P,2026-04-01,1.139272,188.25,NUGT.P
NULG.Z,2026-04-01,2.314423,90.94,NULG.Z
NULV.Z,2026-04-01,1.885975,45.5,NULV.Z
NUSC.Z,2026-04-01,1.162548,45.06,NUSC.Z
NUV.N,2026-04-01,1.865799,8.99,NUV.N
NVDL.OQ,2026-04-01,3.784526,72.57,NVDL.OQ
NVDY.P,2026-04-01,1.321688,12.98,NVDY.P
NVG.N,2026-04-01,2.633412,12.33,NVG.N
NXUS.P,2026-04-01,3.584634,24.79,NXUS.P
NYF.P,2026-04-01,1.22176,53.12,NYF.P
NYM.P,2026-04-01,1.291805,24.95,NYM.P
NZF.N,2026-04-01,2.35962,12.18,NZF.N
OAKM.P,2026-04-01,1.064395,27.56,OAKM.P
OEF.P,2026-04-01,17.843727,318.07,OEF.P
OIH.P,2026-04-01,2.364848,404.21,OIH.P
OILD.P,2026-04-01,95.637073,37.12,OILD.P
OILU.P,2026-04-01,95.637073,54.74,OILU.P
OMFL.Z,2026-04-01,4.181947,60.12,OMFL.Z
ONEQ.OQ,2026-04-01,8.588646,84.91,ONEQ.OQ
OUNZ.P,2026-04-01,2.845863,45.05,OUNZ.P
PAAA.P,2026-04-01,8.172166,51.18,PAAA.P
PABU.OQ,2026-04-01,2.246031,66.25,PABU.OQ
PAVE.Z,2026-04-01,11.628377,50.81,PAVE.Z
PBUS.Z,2026-04-01,9.663082,65.17,PBUS.Z
PCY.P,2026-04-01,1.37731,20.9,PCY.P
PDBC.OQ,2026-04-01,6.449171,17.32,PDBC.OQ
PDI.N,2026-04-01,7.480749,17.11,PDI.N
PDO.N,2026-04-01,1.842338,12.93,PDO.N
PDP.OQ,2026-04-01,1.287135,120.74,PDP.OQ
PEY.OQ,2026-04-01,1.011182,21.42,PEY.OQ
PFF.OQ,2026-04-01,13.36354,30.32,PFF.OQ
PFFA.P,2026-04-01,2.136782,20.36,PFFA.P
PFFD.P,2026-04-01,2.240936,18.4,PFFD.P
PFXF.P,2026-04-01,2.163559,17.54,PFXF.P
PGX.P,2026-04-01,3.766112,10.88,PGX.P
PHO.OQ,2026-04-01,1.986411,66.86,PHO.OQ
PHYL.P,2026-04-01,1.244948,34.63,PHYL.P
PHYS.P,2026-04-01,16.633946,35.44,PHYS.P
PICK.Z,2026-04-01,1.762778,56.59,PICK.Z
PIEQ.Z,2026-04-01,1.259916,33.96,PIEQ.Z
PJAN.Z,2026-04-01,1.547662,46.13,PJAN.Z
PKW.OQ,2026-04-01,1.560553,131.25,PKW.OQ
PMBS.OQ,2026-04-01,1.102388,49.6,PMBS.OQ
POCT.Z,2026-04-01,1.032484,43.11,POCT.Z
PPA.P,2026-04-01,7.847552,165.7,PPA.P
PPH.OQ,2026-04-01,1.297268,103.88,PPH.OQ
PPLT.P,2026-04-01,2.468486,178.23,PPLT.P
PREF.P,2026-04-01,1.442553,18.82,PREF.P
PRF.P,2026-04-01,8.728884,47.53,PRF.P
PRFZ.OQ,2026-04-01,2.61092,45.87,PRFZ.OQ
PSC.OQ,2026-04-01,1.767885,57.32,PSC.OQ
PSI.P,2026-04-01,1.273186,94.38,PSI.P
PSLV.P,2026-04-01,14.16801,24.39,PSLV.P
PTA.N,2026-04-01,1.035825,18.74,PTA.N
PTLC.Z,2026-04-01,3.037434,52.46,PTLC.Z
PTNQ.OQ,2026-04-01,1.14912,72.96,PTNQ.OQ
PTY.N,2026-04-01,2.556502,12.06,PTY.N
PULS.P,2026-04-01,14.546812,49.5,PULS.P
PVAL.P,2026-04-01,8.795306,46.4,PVAL.P
PWB.P,2026-04-01,1.555236,125.93,PWB.P
PWRD.OQ,2026-04-01,1.202522,97.77,PWRD.OQ
PWV.P,2026-04-01,1.360042,69.71,PWV.P
PWZ.P,2026-04-01,1.064602,23.87,PWZ.P
PXF.P,2026-04-01,2.61426,69.9,PXF.P
PXH.P,2026-04-01,1.84199,26.91,PXH.P
PYLD.P,2026-04-01,12.521504,26.2,PYLD.P
PZA.P,2026-04-01,3.838809,22.98,PZA.P
QDF.P,2026-04-01,1.964827,79.09,QDF.P
QDPL.P,2026-04-01,1.407668,40.14,QDPL.P
QGRO.P,2026-04-01,2.027079,105.03,QGRO.P
QGRW.P,2026-04-01,2.091785,53.43,QGRW.P
QLD.P,2026-04-01,8.25635,61.0,QLD.P
QLTA.P,2026-04-01,1.66565,47.59,QLTA.P
QLTY.P,2026-04-01,3.588839,36.18,QLTY.P
QQEW.OQ,2026-04-01,1.568123,126.97,QQEW.OQ
QQQ.OQ,2026-04-01,372.194523,577.18,QQQ.OQ
QQQE.OQ,2026-04-01,1.138022,98.53,QQQE.OQ
QQQI.OQ,2026-04-01,9.315881,49.69,QQQI.OQ
QQQM.OQ,2026-04-01,68.501094,237.62,QQQM.OQ
QQQX.OQ,2026-04-01,1.30221,26.67,QQQX.OQ
QTEC.OQ,2026-04-01,2.624157,215.98,QTEC.OQ
QTUM.OQ,2026-04-01,3.28338,107.3,QTUM.OQ
QUAL.Z,2026-04-01,46.629011,191.81,QUAL.Z
QUS.P,2026-04-01,1.486402,171.64,QUS.P
QVML.P,2026-04-01,1.417722,38.27,QVML.P
QYLD.OQ,2026-04-01,8.083138,17.15,QYLD.OQ
RAVI.P,2026-04-01,1.418415,75.41,RAVI.P
RDVI.Z,2026-04-01,2.824553,25.55,RDVI.Z
RDVY.OQ,2026-04-01,19.838754,68.28,RDVY.OQ
RECS.P,2026-04-01,4.89199,38.98,RECS.P
REET.P,2026-04-01,4.427658,25.15,REET.P
REGL.Z,2026-04-01,1.661664,86.41,REGL.Z
REMX.P,2026-04-01,2.606999,88.0,REMX.P
RING.OQ,2026-04-01,3.194741,78.98,RING.OQ
ROBO.P,2026-04-01,1.500328,68.43,ROBO.P
RODM.P,2026-04-01,1.428975,39.42,RODM.P
RPG.P,2026-04-01,1.573806,46.74,RPG.P
RPV.P,2026-04-01,1.671293,107.39,RPV.P
RQI.N,2026-04-01,1.619899,12.05,RQI.N
RSP.P,2026-04-01,84.95198,191.92,RSP.P
RSPT.P,2026-04-01,3.983333,45.26,RSPT.P
RSSL.P,2026-04-01,1.378417,97.14,RSSL.P
RVT.N,2026-04-01,2.031239,16.6,RVT.N
RWJ.P,2026-04-01,1.641317,50.48,RWJ.P
RWK.P,2026-04-01,1.109629,128.26,RWK.P
RWL.P,2026-04-01,8.092698,114.91,RWL.P
RWO.P,2026-04-01,1.139673,45.77,RWO.P
RWR.P,2026-04-01,1.69444,100.97,RWR.P
RYLD.P,2026-04-01,1.271498,14.95,RYLD.P
SBIL.P,2026-04-01,4.713827,100.06,SBIL.P
SCCR.P,2026-04-01,1.239704,25.72,SCCR.P
SCHA.P,2026-04-01,19.812204,29.08,SCHA.P
SCHB.P,2026-04-01,36.82923,25.1,SCHB.P
SCHC.P,2026-04-01,5.104008,46.74,SCHC.P
SCHD.P,2026-04-01,84.66913,30.68,SCHD.P
SCHE.P,2026-04-01,11.496255,32.95,SCHE.P
SCHF.P,2026-04-01,57.95955,24.75,SCHF.P
SCHG.P,2026-04-01,48.32667,29.13,SCHG.P
SCHH.P,2026-04-01,9.143995,21.49,SCHH.P
SCHI.P,2026-04-01,10.294452,22.68,SCHI.P
SCHK.P,2026-04-01,4.729264,31.33,SCHK.P
SCHM.P,2026-04-01,12.90258,30.96,SCHM.P
SCHO.P,2026-04-01,12.445656,24.27,SCHO.P
SCHP.P,2026-04-01,15.659985,26.61,SCHP.P
SCHR.P,2026-04-01,12.920817,24.91,SCHR.P
SCHV.P,2026-04-01,14.82605,30.5,SCHV.P
SCHX.P,2026-04-01,61.384724,25.64,SCHX.P
SCHY.P,2026-04-01,2.15288,31.66,SCHY.P
SCHZ.P,2026-04-01,10.017108,23.22,SCHZ.P
SCMB.P,2026-04-01,3.534076,25.48,SCMB.P
SCYB.P,2026-04-01,2.3816,26.0,SCYB.P
SCZ.OQ,2026-04-01,13.48652,78.41,SCZ.OQ
SDIV.P,2026-04-01,1.248082,25.26,SDIV.P
SDOG.P,2026-04-01,1.333832,65.04,SDOG.P
SDVY.OQ,2026-04-01,10.103938,39.43,SDVY.OQ
SDY.P,2026-04-01,20.658341,145.94,SDY.P
SECT.Z,2026-04-01,2.303878,60.39,SECT.Z
SEIM.Z,2026-04-01,1.162664,45.55,SEIM.Z
SEIV.Z,2026-04-01,1.169914,41.56,SEIV.Z
SFGV.P,2026-04-01,1.077809,32.82,SFGV.P
SFLR.P,2026-04-01,1.504925,35.41,SFLR.P
SGOL.P,2026-04-01,7.995904,44.62,SGOL.P
SGOV.N,2026-04-01,83.562899,100.66,SGOV.N
SH.P,2026-04-01,1.638137,37.93,SH.P
SHLD.P,2026-04-01,8.140224,70.84,SHLD.P
SHM.P,2026-04-01,3.436637,47.83,SHM.P
SHNY.P,2026-04-01,95.637073,13.88,SHNY.P
SHV.N,2026-04-01,20.945399,110.39,SHV.N
SHY.OQ,2026-04-01,24.754486,82.57,SHY.OQ
SHYG.P,2026-04-01,7.480408,42.31,SHYG.P
SIL.P,2026-04-01,5.19287,90.08,SIL.P
SILJ.P,2026-04-01,4.046378,29.72,SILJ.P
SIVR.P,2026-04-01,5.148759,71.61,SIVR.P
SJNK.P,2026-04-01,4.813646,24.98,SJNK.P
SKYY.OQ,2026-04-01,2.35124,109.36,SKYY.OQ
SLQD.OQ,2026-04-01,2.355358,50.49,SLQD.OQ
SLV.P,2026-04-01,36.972764,68.14,SLV.P
SLYG.P,2026-04-01,3.975916,96.62,SLYG.P
SLYV.P,2026-04-01,4.06241,94.58,SLYV.P
SMBS.P,2026-04-01,6.24442,25.55,SMBS.P
SMH.OQ,2026-04-01,40.924834,383.4,SMH.OQ
SMIG.P,2026-04-01,1.240624,29.35,SMIG.P
SMLF.P,2026-04-01,3.283815,75.49,SMLF.P
SMMD.Z,2026-04-01,2.5959,76.35,SMMD.Z
SMMU.P,2026-04-01,1.054405,50.45,SMMU.P
SMTH.P,2026-04-01,2.586446,25.76,SMTH.P
SNPE.P,2026-04-01,2.283743,59.55,SNPE.P
SOXL.P,2026-04-01,11.503194,47.91,SOXL.P
SOXS.P,2026-04-01,1.097976,39.86,SOXS.P
SOXX.OQ,2026-04-01,20.574116,328.66,SOXX.OQ
SPAB.P,2026-04-01,9.259075,25.62,SPAB.P
SPBO.P,2026-04-01,1.892756,29.03,SPBO.P
SPDW.P,2026-04-01,36.442395,45.65,SPDW.P
SPEM.P,2026-04-01,16.080748,46.91,SPEM.P
SPGM.P,2026-04-01,1.430919,75.71,SPGM.P
SPGP.P,2026-04-01,2.084599,107.62,SPGP.P
SPHD.P,2026-04-01,3.292616,49.61,SPHD.P
SPHQ.P,2026-04-01,15.698168,75.19,SPHQ.P
SPHY.P,2026-04-01,10.265464,23.32,SPHY.P
SPIB.P,2026-04-01,10.665722,33.54,SPIB.P
SPLB.P,2026-04-01,1.356531,22.22,SPLB.P
SPLV.P,2026-04-01,7.311806,73.14,SPLV.P
SPMB.P,2026-04-01,6.905076,22.39,SPMB.P
SPMD.P,2026-04-01,15.654807,59.22,SPMD.P
SPMO.P,2026-04-01,12.809689,112.11,SPMO.P
SPSB.P,2026-04-01,9.911072,30.07,SPSB.P
SPSM.P,2026-04-01,13.873166,48.32,SPSM.P
SPTI.P,2026-04-01,9.813194,28.66,SPTI.P
SPTL.P,2026-04-01,10.47529,26.3,SPTL.P
SPTM.P,2026-04-01,11.720662,79.06,SPTM.P
SPTS.P,2026-04-01,5.978982,29.18,SPTS.P
SPUS.P,2026-04-01,2.039576,48.16,SPUS.P
SPXL.P,2026-04-01,4.520561,184.89,SPXL.P
SPY.P,2026-04-01,650.068233,650.34,SPY.P
SPYD.P,2026-04-01,7.046496,45.52,SPYD.P
SPYG.P,2026-04-01,41.606865,97.91,SPYG.P
SPYI.Z,2026-04-01,8.123834,49.37,SPYI.Z
SPYM.P,2026-04-01,116.589555,76.54,SPYM.P
SPYU.P,2026-04-01,95.637073,20.84,SPYU.P
SPYV.P,2026-04-01,31.798122,56.58,SPYV.P
SPYX.P,2026-04-01,2.338623,53.03,SPYX.P
SQQQ.OQ,2026-04-01,2.696512,80.49,SQQQ.OQ
SQS.OQ,2026-04-01,1.220717,24.4,SQS.OQ
SRLN.P,2026-04-01,4.842891,40.14,SRLN.P
SSO.P,2026-04-01,5.333264,51.88,SSO.P
STEW.N,2026-04-01,1.64915,17.1,STEW.N
STIP.P,2026-04-01,14.630174,103.43,STIP.P
SUB.P,2026-04-01,10.9482,106.5,SUB.P
SUSA.P,2026-04-01,3.467625,132.1,SUSA.P
SUSB.OQ,2026-04-01,1.079048,25.06,SUSB.OQ
SUSC.OQ,2026-04-01,1.385948,23.14,SUSC.OQ
SYSB.Z,2026-04-01,1.0324,89.0,SYSB.Z
TAFI.P,2026-04-01,1.163366,25.18,TAFI.P
TAGG.P,2026-04-01,1.86162,42.6,TAGG.P
TAN.P,2026-04-01,1.49793,55.71,TAN.P
TBIL.OQ,2026-04-01,6.894641,49.86,TBIL.OQ
TBLL.P,2026-04-01,3.014508,105.55,TBLL.P
TBUX.P,2026-04-01,1.098231,49.75,TBUX.P
TCAF.P,2026-04-01,6.22647,35.59,TCAF.P
TCHP.P,2026-04-01,1.826843,44.18,TCHP.P
TDIV.OQ,2026-04-01,3.545499,93.66,TDIV.OQ
TDTF.P,2026-04-01,1.007798,24.11,TDTF.P
TDTT.P,2026-04-01,2.558629,24.24,TDTT.P
TDVG.P,2026-04-01,1.221077,44.63,TDVG.P
TECL.P,2026-04-01,2.934045,86.55,TECL.P
TFI.P,2026-04-01,3.01289,45.34,TFI.P
TFLO.P,2026-04-01,6.83505,50.63,TFLO.P
THRO.P,2026-04-01,7.347589,36.22,THRO.P
TILT.Z,2026-04-01,1.858526,241.37,TILT.Z
TIP.P,2026-04-01,13.90536,110.36,TIP.P
TIPX.P,2026-04-01,1.876782,19.19,TIPX.P
TLH.P,2026-04-01,11.764096,100.72,TLH.P
TLT.OQ,2026-04-01,42.625473,86.69,TLT.OQ
TLTW.Z,2026-04-01,1.844661,22.62,TLTW.Z
TMF.P,2026-04-01,3.00374,36.06,TMF.P
TMFC.Z,2026-04-01,1.774593,65.97,TMFC.Z
TMSL.P,2026-04-01,1.551141,36.67,TMSL.P
TNA.P,2026-04-01,1.37465,44.13,TNA.P
TOTL.P,2026-04-01,4.183569,39.73,TOTL.P
TOUS.P,2026-04-01,1.321155,34.54,TOUS.P
TQQQ.OQ,2026-04-01,23.630476,41.68,TQQQ.OQ
TSLL.OQ,2026-04-01,4.443559,12.15,TSLL.OQ
TSPA.P,2026-04-01,2.092035,40.9,TSPA.P
TY.N,2026-04-01,1.690557,31.59,TY.N
TYG.N,2026-04-01,1.053065,49.85,TYG.N
UBND.OQ,2026-04-01,1.780515,21.78,UBND.OQ
UCON.P,2026-04-01,3.217623,24.77,UCON.P
UGL.P,2026-04-01,1.078623,61.46,UGL.P
UITB.OQ,2026-04-01,2.672916,47.02,UITB.OQ
UNIY.OQ,2026-04-01,1.312673,48.44,UNIY.OQ
UPRO.P,2026-04-01,3.903445,96.98,UPRO.P
URA.P,2026-04-01,6.655331,48.43,URA.P
URNM.P,2026-04-01,2.178991,63.15,URNM.P
URTH.P,2026-04-01,7.308812,180.02,URTH.P
USA.N,2026-04-01,1.673611,5.55,USA.N
USCA.P,2026-04-01,2.676167,39.03,USCA.P
USCL.OQ,2026-04-01,2.104137,74.15,USCL.OQ
USD.P,2026-04-01,1.481655,47.95,USD.P
USFR.P,2026-04-01,17.560983,50.34,USFR.P
USHY.Z,2026-04-01,23.975472,36.84,USHY.Z
USIG.OQ,2026-04-01,17.080082,51.23,USIG.OQ
USMC.OQ,2026-04-01,2.885041,64.31,USMC.OQ
USMV.Z,2026-04-01,22.572916,92.74,USMV.Z
USO.P,2026-04-01,2.713428,127.25,USO.P
USPX.P,2026-04-01,1.532646,56.87,USPX.P
USRT.P,2026-04-01,3.465574,59.19,USRT.P
USTB.OQ,2026-04-01,2.020671,50.58,USTB.OQ
USVM.OQ,2026-04-01,1.415451,94.68,USVM.OQ
USXF.OQ,2026-04-01,1.14816,55.2,USXF.OQ
UTES.P,2026-04-01,1.41423,79.9,UTES.P
UTF.N,2026-04-01,2.893642,25.88,UTF.N
UTG.A,2026-04-01,3.591298,39.28,UTG.A
UYLD.OQ,2026-04-01,1.387335,51.04,UYLD.OQ
VAW.P,2026-04-01,2.926824,225.34,VAW.P
VB.P,2026-04-01,70.667798,261.92,VB.P
VBIL.OQ,2026-04-01,6.640179,75.65,VBIL.OQ
VBK.P,2026-04-01,20.167691,302.25,VBK.P
VBR.P,2026-04-01,32.531308,217.25,VBR.P
VCEB.Z,2026-04-01,1.195341,62.83,VCEB.Z
VCIT.OQ,2026-04-01,63.546988,82.75,VCIT.OQ
VCLT.OQ,2026-04-01,7.412494,74.72,VCLT.OQ
VCR.P,2026-04-01,5.586651,359.03,VCR.P
VCRB.OQ,2026-04-01,6.365279,77.38,VCRB.OQ
VCRM.Z,2026-04-01,1.160316,75.15,VCRM.Z
VCSH.OQ,2026-04-01,41.491908,79.27,VCSH.OQ
VDC.P,2026-04-01,7.888259,224.59,VDC.P
VDE.P,2026-04-01,10.784534,173.04,VDE.P
VEA.P,2026-04-01,205.518311,64.08,VEA.P
VEU.P,2026-04-01,59.164726,75.1,VEU.P
VFH.P,2026-04-01,12.222422,120.81,VFH.P
VFLO.OQ,2026-04-01,6.156906,39.48,VFLO.OQ
VFMO.Z,2026-04-01,1.333382,197.1,VFMO.Z
VGIT.OQ,2026-04-01,40.292162,59.55,VGIT.OQ
VGK.P,2026-04-01,29.166627,82.43,VGK.P
VGLT.OQ,2026-04-01,9.98642,55.36,VGLT.OQ
VGSH.OQ,2026-04-01,28.917254,58.54,VGSH.OQ
VGT.P,2026-04-01,105.013583,697.72,VGT.P
VHT.P,2026-04-01,16.196758,272.33,VHT.P
VIG.P,2026-04-01,99.214364,215.06,VIG.P
VIGI.OQ,2026-04-01,8.424783,88.46,VIGI.OQ
VIOO.P,2026-04-01,3.388108,114.83,VIOO.P
VIOV.P,2026-04-01,1.559421,101.74,VIOV.P
VIS.P,2026-04-01,7.026123,312.22,VIS.P
VLUE.Z,2026-04-01,10.010176,142.19,VLUE.Z
VMBS.OQ,2026-04-01,14.967674,46.95,VMBS.OQ
VNLA.P,2026-04-01,3.119711,48.86,VNLA.P
VNQ.P,2026-04-01,34.304235,88.7,VNQ.P
VNQI.OQ,2026-04-01,3.392891,44.45,VNQI.OQ
VO.P,2026-04-01,92.146134,287.18,VO.P
VOE.P,2026-04-01,21.189234,184.28,VOE.P
VONE.OQ,2026-04-01,6.9486,295.12,VONE.OQ
VONG.OQ,2026-04-01,37.325515,109.69,VONG.OQ
VONV.OQ,2026-04-01,17.056302,93.74,VONV.OQ
VOO.P,2026-04-01,813.138906,597.55,VOO.P
VOOG.P,2026-04-01,20.764048,407.69,VOOG.P
VOOV.P,2026-04-01,6.028108,203.79,VOOV.P
VOT.P,2026-04-01,16.505848,257.35,VOT.P
VOX.P,2026-04-01,5.472113,179.84,VOX.P
VPL.P,2026-04-01,7.488932,97.73,VPL.P
VPLS.OQ,2026-04-01,1.35509,77.59,VPLS.OQ
VPU.P,2026-04-01,8.701483,198.14,VPU.P
VRIG.OQ,2026-04-01,1.483324,25.04,VRIG.OQ
VRP.P,2026-04-01,2.40999,23.98,VRP.P
VSGX.Z,2026-04-01,5.81013,71.73,VSGX.Z
VSS.P,2026-04-01,10.649866,145.79,VSS.P
VT.P,2026-04-01,62.590627,138.32,VT.P
VTC.OQ,2026-04-01,1.650693,76.83,VTC.OQ
VTEB.P,2026-04-01,41.42616,49.89,VTEB.P
VTEC.Z,2026-04-01,2.234254,99.08,VTEC.Z
VTEI.Z,2026-04-01,1.31671,99.94,VTEI.Z
VTES.P,2026-04-01,1.835691,101.14,VTES.P
VTHR.OQ,2026-04-01,3.94739,287.57,VTHR.OQ
VTI.P,2026-04-01,563.960493,320.81,VTI.P
VTIP.OQ,2026-04-01,17.115513,49.95,VTIP.OQ
VTV.P,2026-04-01,164.167354,196.2,VTV.P
VTWG.OQ,2026-04-01,1.181927,229.04,VTWG.OQ
VTWO.OQ,2026-04-01,13.936154,100.17,VTWO.OQ
VTWV.OQ,2026-04-01,1.053486,167.22,VTWV.OQ
VUG.P,2026-04-01,185.916688,436.79,VUG.P
VUSB.Z,2026-04-01,8.219504,49.78,VUSB.Z
VV.P,2026-04-01,45.498052,298.85,VV.P
VWO.P,2026-04-01,109.942186,54.05,VWO.P
VWOB.OQ,2026-04-01,5.87621,65.69,VWOB.OQ
VXF.P,2026-04-01,25.634177,205.8,VXF.P
VXUS.OQ,2026-04-01,133.686858,77.11,VXUS.OQ
VYM.P,2026-04-01,72.521914,148.1,VYM.P
VYMI.OQ,2026-04-01,18.01343,94.24,VYMI.OQ
WCMI.P,2026-04-01,1.059033,16.77,WCMI.P
WTID.P,2026-04-01,95.637073,4.08,WTID.P
WTIU.P,2026-04-01,95.637073,22.89,WTIU.P
WTV.P,2026-04-01,2.587076,94.73,WTV.P
XAR.P,2026-04-01,5.797094,253.98,XAR.P
XBI.P,2026-04-01,7.325316,127.73,XBI.P
XCEM.P,2026-04-01,1.532416,40.81,XCEM.P
XHB.P,2026-04-01,1.436378,98.72,XHB.P
XHLF.P,2026-04-01,1.897944,50.33,XHLF.P
XLB.P,2026-04-01,6.318579,49.97,XLB.P
XLC.P,2026-04-01,24.128679,110.86,XLC.P
XLE.P,2026-04-01,43.319911,61.26,XLE.P
XLF.P,2026-04-01,48.12565,49.37,XLF.P
XLG.P,2026-04-01,9.773061,54.55,XLG.P
XLI.P,2026-04-01,28.258436,161.73,XLI.P
XLK.P,2026-04-01,84.047527,132.9,XLK.P
XLP.P,2026-04-01,15.48781,81.98,XLP.P
XLRE.P,2026-04-01,7.320819,40.83,XLRE.P
XLU.P,2026-04-01,24.273438,45.89,XLU.P
XLV.P,2026-04-01,38.655973,146.61,XLV.P
XLY.P,2026-04-01,21.497014,108.98,XLY.P
XME.P,2026-04-01,4.37443,108.01,XME.P
XMHQ.P,2026-04-01,5.031018,103.37,XMHQ.P
XMMO.P,2026-04-01,5.825453,145.02,XMMO.P
XNTK.P,2026-04-01,1.447441,255.28,XNTK.P
XOP.P,2026-04-01,3.51841,181.83,XOP.P
XSD.P,2026-04-01,1.614294,326.12,XSD.P
XSMO.P,2026-04-01,2.283641,76.02,XSMO.P
XSOE.P,2026-04-01,1.82054,40.1,XSOE.P
XT.OQ,2026-04-01,3.42791,68.15,XT.OQ
XTEN.P,2026-04-01,1.047901,45.86,XTEN.P
XYLD.P,2026-04-01,3.019271,39.13,XYLD.P
YEAR.P,2026-04-01,1.48023,50.48,YEAR.P
ZROZ.P,2026-04-01,1.396698,64.01,ZROZ.P
